Symbol,Name,Last,Change,%Chg,High,Low,Volume,Time
A,Agilent Technologies,137.49,-1.71,-1.23%,139.89,136.21,1553200,4/24/2024
AAL,American Airlines Gp,13.92,-0.31,-2.18%,14.33,13.82,41035000,4/24/2024
AAPL,Apple Inc,169.02,2.12,1.27%,169.3,166.21,48251801,4/24/2024
ABBV,Abbvie Inc,167.8,-1.74,-1.03%,169.11,166.74,4074700,4/24/2024
ABNB,Airbnb Inc Cl A,162.84,1.89,1.17%,166.74,161.09,3854400,4/24/2024
ABT,Abbott Laboratories,106.89,-0.7,-0.65%,107.11,105.56,5052600,4/24/2024
ACGL,Arch Capital Grp Ltd,93.19,-0.59,-0.63%,93.67,92.71,1257400,4/24/2024
ACN,Accenture Plc,313.54,-3.29,-1.04%,315.84,310.69,4133800,4/24/2024
ADBE,Adobe Systems Inc,477.12,4.22,0.89%,478.57,471.73,2338000,4/24/2024
ADI,Analog Devices,196.5,6.57,3.46%,201.68,195.03,6527500,4/24/2024
ADM,Archer Daniels Midland,61.56,-0.23,-0.37%,61.81,60.42,3708600,4/24/2024
ADP,Automatic Data Procs,246.61,-0.23,-0.09%,246.86,244.32,1455800,4/24/2024
ADSK,Autodesk Inc,215,-2.93,-1.34%,218.62,214.15,2628200,4/24/2024
AEE,Ameren Corp,74.71,0.69,0.93%,74.96,72.922,1006200,4/24/2024
AEP,American Electric Power Company,86.37,0.81,0.95%,86.59,84.31,3865200,4/24/2024
AES,The Aes Corp,17.37,0.24,1.40%,17.438,16.87,5290100,4/24/2024
AFL,Aflac Inc,84.28,0.53,0.63%,84.46,83.26,2431500,4/24/2024
AIG,American International Group,74.97,0.04,0.05%,75.14,74.37,2684600,4/24/2024
AIZ,Assurant Inc,177.05,0.74,0.42%,177.38,175.04,297100,4/24/2024
AJG,Arthur J. Gallagher & Company,236.81,-1.06,-0.45%,238,235.57,655600,4/24/2024
AKAM,Akamai Technologies,102.19,0.43,0.42%,102.6,101.71,996700,4/24/2024
ALB,Albemarle Corp,115.27,1.06,0.93%,115.73,112.18,2235200,4/24/2024
ALGN,Align Technology,313.78,1.9,0.61%,315.77,306.31,1106100,4/24/2024
ALL,Allstate Corp,172.27,-3.01,-1.72%,174.845,171.32,1772400,4/24/2024
ALLE,Allegion Plc,126.54,-0.43,-0.34%,127.64,125.085,871100,4/24/2024
AMAT,Applied Materials,196.06,2.82,1.46%,199.36,192.72,4609300,4/24/2024
AMCR,Amcor Plc,9.06,0.08,0.89%,9.06,8.92,5802300,4/24/2024
AMD,Adv Micro Devices,151.74,-0.53,-0.35%,157.66,150.63,43412500,4/24/2024
AME,Ametek Inc,178.22,-1.63,-0.91%,181.14,177.04,867300,4/24/2024
AMGN,Amgen Inc,273.01,-0.53,-0.19%,274.86,269.64,2467100,4/24/2024
AMP,Ameriprise Financial Services,412.86,5.17,1.27%,415.25,406.04,675500,4/24/2024
AMT,American Tower Corp,173.35,-0.83,-0.48%,175.44,172.355,3029300,4/24/2024
AMZN,Amazon.com Inc,176.59,-2.95,-1.64%,180.32,176.18,34185102,4/24/2024
ANET,Arista Networks Inc,254.77,3.59,1.43%,260.9,250.58,2595300,4/24/2024
ANSS,Ansys Inc,328.57,2.6,0.80%,328.92,324,219000,4/24/2024
AON,AON Plc,308.83,-3.03,-0.97%,311.03,307.71,849200,4/24/2024
AOS,Smith A.O. Corp,87,-0.92,-1.05%,88.77,86.3,1267300,4/24/2024
APA,Apa Corp,32.05,-0.01,-0.03%,32.19,31.64,4522100,4/24/2024
APD,Air Products and Chemicals,234.68,0.97,0.42%,235.08,231.75,1297300,4/24/2024
APH,Amphenol Corp,116.31,2.05,1.79%,119.39,114.49,7625900,4/24/2024
APTV,Aptiv Plc,71.4,1.15,1.64%,72.33,70.19,1860700,4/24/2024
ARE,Alexandria Real Estate Equities,119.65,0.16,0.13%,119.825,116.885,879300,4/24/2024
ATO,Atmos Energy Corp,118.66,0.99,0.84%,118.7,116.1525,728000,4/24/2024
AVB,Avalonbay Communities,191.34,2.68,1.42%,192.5,186.34,904500,4/24/2024
AVGO,Broadcom Ltd,1256.82,7.63,0.61%,1285.62,1244.96,2010700,4/24/2024
AVY,Avery Dennison Corp,212.42,1.09,0.52%,224.6,210.535,798600,4/24/2024
AWK,American Water Works,121.36,1.49,1.24%,121.66,118.15,1297900,4/24/2024
AXON,Axon Enterprise Inc,302.41,0.85,0.28%,308.11,302.29,524700,4/24/2024
AXP,American Express Company,239.12,0.16,0.07%,240.55,237.97,4429200,4/24/2024
AZO,Autozone,2988.51,27.47,0.93%,2994.2549,2944.0601,128300,4/24/2024
BA,Boeing Company,164.33,-4.85,-2.87%,177.64,162.74,20889200,4/24/2024
BAC,Bank of America Corp,38.32,-0.05,-0.13%,38.495,38,28670500,4/24/2024
BALL,Ball Corporation,65.19,-0.31,-0.47%,65.59,64.55,1901800,4/24/2024
BAX,Baxter International Inc,40.93,-0.09,-0.22%,41.06,40.54,2161900,4/24/2024
BBWI,Bath & Body Works Inc,45.6,0.47,1.04%,45.68,44.73,2181600,4/24/2024
BBY,Best Buy Company,74.43,-0.61,-0.81%,74.91,73.535,3495000,4/24/2024
BDX,Becton Dickinson and Company,233.83,-0.53,-0.23%,234.57,230.025,779800,4/24/2024
BEN,Franklin Resources,25.35,0.02,0.08%,25.47,24.98,7187000,4/24/2024
BF.B,Brown Forman Inc Cl B,49.01,-0.38,-0.77%,49.135,48.53,1641300,4/24/2024
BG,Bunge Ltd,105.79,-3.83,-3.49%,107.2926,102.42,3629800,4/24/2024
BIIB,Biogen Inc,201.99,8.81,4.56%,205.75,198.97,3265600,4/24/2024
BIO,Bio-Rad Laboratories,278.21,-7.07,-2.48%,285.27,277.36,209100,4/24/2024
BK,Bank of New York Mellon Corp,57.95,0.51,0.89%,58.01,56.9882,3226000,4/24/2024
BKNG,Booking Holdings Inc,3517.52,-16.47,-0.47%,3571.11,3505.25,155900,4/24/2024
BKR,Baker Hughes Company,32.67,-0.33,-1.00%,33.78,32.33,11446900,4/24/2024
BLDR,Builders Firstsource,186.69,-0.55,-0.29%,193.49,183.78,1184400,4/24/2024
BLK,Blackrock Inc,762.8,-3.82,-0.50%,767.6375,759.435,751200,4/24/2024
BMY,Bristol-Myers Squibb Company,48.86,-0.13,-0.27%,49.045,48.55,16057100,4/24/2024
BR,Broadridge Financial Solutions Llc,195.08,-0.83,-0.42%,195.93,193.68,255800,4/24/2024
BRK.B,Berkshire Hathaway Cl B,405.95,-2.79,-0.68%,407.62,403.88,2508400,4/24/2024
BRO,Brown & Brown,82.13,-0.8,-0.96%,82.875,81.69,1520900,4/24/2024
BSX,Boston Scientific Corp,72.91,3.92,5.68%,74.39,72.55,15276400,4/24/2024
BWA,Borgwarner Inc,33.65,0.31,0.93%,33.88,33.18,1975300,4/24/2024
BX,Blackstone Inc,123.78,-0.53,-0.43%,124.81,122.56,2021400,4/24/2024
BXP,Boston Properties,62.94,0.01,0.02%,63.09,61.8,1030300,4/24/2024
C,Citigroup Inc,62.47,-0.2,-0.32%,62.73,61.84,10122900,4/24/2024
CAG,Conagra Brands Inc,31.57,0.3,0.96%,31.71,30.85,6866600,4/24/2024
CAH,Cardinal Health,103.54,0.17,0.16%,103.95,102.43,2057300,4/24/2024
CARR,Carrier Global Corp,54.77,-0.37,-0.67%,55.94,54.27,5190200,4/24/2024
CAT,Caterpillar Inc,363.52,0.27,0.07%,368.17,358.895,3032700,4/24/2024
CB,Chubb Ltd,243.01,-6.87,-2.75%,243.605,238.85,3228900,4/24/2024
CBOE,CBOE Global Markets Inc,179.39,0.57,0.32%,180.3,177.1,579200,4/24/2024
CBRE,CBRE Group Inc,86.77,-0.34,-0.39%,87.49,85.95,988900,4/24/2024
CCI,Crown Castle Inc,95.44,-0.03,-0.03%,95.66,93.79,2968200,4/24/2024
CCL,Carnival Corp,15.01,0.22,1.49%,15.045,14.77,24536400,4/24/2024
CDNS,Cadence Design Sys,277.66,-4.1,-1.46%,284.1,276.72,2329100,4/24/2024
CDW,CDW Corp,240.69,0.22,0.09%,242.3,239.65,450700,4/24/2024
CE,Celanese Corp,155.43,-0.62,-0.40%,157.11,154.02,597900,4/24/2024
CEG,Constellation Energy Corp,186.16,-2.09,-1.11%,194.37,183.65,2266400,4/24/2024
CF,Cf Industries Holdings,79.25,0.71,0.90%,79.41,78.064,1416200,4/24/2024
CFG,Citizens Financial Group Inc/Ri,35.52,0.55,1.57%,35.615,34.69,4248100,4/24/2024
CHD,Church & Dwight Company,107.35,0.64,0.60%,107.56,105.27,912800,4/24/2024
CHRW,C.H. Robinson Ww,70.94,0.59,0.84%,70.98,69.66,1136000,4/24/2024
CHTR,Charter Communications Inc,264.7,-1.61,-0.60%,264.82,260.48,1133000,4/24/2024
CI,The Cigna Group,352.28,-0.37,-0.10%,353.99,350.06,1120700,4/24/2024
CINF,Cincinnati Financial,119.92,-0.91,-0.75%,120.57,119.47,601900,4/24/2024
CL,Colgate-Palmolive Company,88.87,0.29,0.33%,89.18,87.37,4066500,4/24/2024
CLX,Clorox Company,147.78,1.81,1.24%,148.33,144.95,1101900,4/24/2024
CMA,Comerica Inc,52.95,0.31,0.59%,53.1,52.01,1720800,4/24/2024
CMCSA,Comcast Corp A,40.21,-0.15,-0.37%,40.34,39.82,19581199,4/24/2024
CME,CME Group Inc,212.59,-4.18,-1.93%,216.63,209.07,2636800,4/24/2024
CMG,Chipotle Mexican Grill,2926.76,11.76,0.40%,2959.99,2916.5801,363300,4/24/2024
CMI,Cummins Inc,292.34,-0.36,-0.12%,295.44,290.31,760600,4/24/2024
CMS,Cms Energy Corp,60.28,0.33,0.55%,60.41,59.24,5468300,4/24/2024
CNC,Centene Corp,76.19,0.35,0.46%,76.36,75.36,2775700,4/24/2024
CNP,Centerpoint Energy Inc,29.07,0.34,1.18%,29.18,28.35,4112500,4/24/2024
COF,Capital One Financial Corp,148.87,0.97,0.66%,149.6,146.76,3961800,4/24/2024
COO,Cooper Companies,90.2,-1.48,-1.61%,92.11,90.15,1004300,4/24/2024
COP,Conocophillips,129.28,-0.56,-0.43%,129.69,128.29,3846600,4/24/2024
COR,Cencora Inc,237.95,0.26,0.11%,238.79,235.84,926700,4/24/2024
COST,Costco Wholesale,723.89,1.21,0.17%,725.43,716.09,1206600,4/24/2024
CPAY,Corpay Inc,307.42,0.81,0.26%,308.205,304.37,289800,4/24/2024
CPB,Campbell Soup Company,45.54,0.58,1.29%,45.705,44.261,3510000,4/24/2024
CPRT,Copart Inc,54.93,0.62,1.14%,55.04,54.2,3717900,4/24/2024
CPT,Camden Property Trust,98.86,0.26,0.26%,99.43,97.12,1088900,4/24/2024
CRL,Charles River Laboratories Intl,239.43,-0.7,-0.29%,244.56,237.44,705100,4/24/2024
CRM,Salesforce Inc,276.19,-0.49,-0.18%,278.9393,274.11,3938800,4/24/2024
CSCO,Cisco Systems Inc,48.35,0.03,0.06%,48.38,47.92,14828400,4/24/2024
CSGP,Costar Group Inc,91.95,7.33,8.66%,93.94,88.83,4739600,4/24/2024
CSX,CSX Corp,33.67,-1.05,-3.02%,34.43,33.41,23767900,4/24/2024
CTAS,Cintas Corp,664.13,-2.2,-0.33%,666.88,660.78,752000,4/24/2024
CTLT,Catalent Inc,55.95,-0.08,-0.14%,56.07,55.79,2031600,4/24/2024
CTRA,Coterra Energy Inc,28.46,0.33,1.17%,28.52,27.89,5236400,4/24/2024
CTSH,Cognizant Tech Sol,67.52,-0.25,-0.37%,67.96,67.17,4256000,4/24/2024
CTVA,Corteva Inc,54.77,-0.41,-0.74%,55.065,54.3,1811600,4/24/2024
CVS,CVS Corp,67.77,-0.73,-1.07%,68.21,67.48,8651900,4/24/2024
CVX,Chevron Corp,163.57,0.72,0.44%,163.84,161.446,7610300,4/24/2024
CZR,Caesars Entertainment Inc,38.48,-0.64,-1.64%,39.32,37.98,3323600,4/24/2024
D,Dominion Energy Inc,51.23,0.56,1.11%,51.36,49.615,3538400,4/24/2024
DAL,Delta Air Lines Inc,47.94,-1.29,-2.62%,49.27,47.74,10329400,4/24/2024
DAY,Dayforce Inc,59.7,0.42,0.71%,59.74,58.07,1613400,4/24/2024
DD,Dupont Denemours Inc,73.96,0.16,0.22%,73.97,73.12,1563700,4/24/2024
DE,Deere & Company,394.62,-2.59,-0.65%,397.76,392.37,986700,4/24/2024
DECK,Deckers Outdoor Corp,851.71,22.28,2.69%,857.425,831.96,368400,4/24/2024
DFS,Discover Financial Services,129.02,-0.22,-0.17%,130.575,127.58,1805500,4/24/2024
DG,Dollar General Corp,143.16,0.43,0.30%,143.485,140.625,1322900,4/24/2024
DGX,Quest Diagnostics Inc,137.55,0.85,0.62%,138.32,134.95,1566600,4/24/2024
DHI,D.R. Horton,146.12,-1.91,-1.29%,149.95,144.99,2474200,4/24/2024
DHR,Danaher Corp,250.41,-2.7,-1.07%,254.09,247.98,3344900,4/24/2024
DIS,Walt Disney Company,113.92,0.21,0.18%,114.18,113.14,6157200,4/24/2024
DLR,Digital Realty Trust,140.61,2.08,1.50%,140.865,137.64,1614800,4/24/2024
DLTR,Dollar Tree Inc,122.39,-0.17,-0.14%,123.06,120.41,1738800,4/24/2024
DOC,Healthpeak Properties Inc,18.63,0.18,0.98%,18.74,18.09,5997000,4/24/2024
DOV,Dover Corp,171.44,-0.85,-0.49%,173.21,170.51,1287400,4/24/2024
DOW,Dow Inc,56.98,0.24,0.42%,57.22,56.38,4954600,4/24/2024
DPZ,Domino's Pizza Inc,487.71,6.55,1.36%,488.84,478.04,719300,4/24/2024
DRI,Darden Restaurants,156.61,0.71,0.46%,156.92,155.33,969900,4/24/2024
DTE,Dte Energy Company,111.55,1.43,1.30%,111.8,108.62,1473700,4/24/2024
DUK,Duke Energy Corp,98.96,0.76,0.77%,99.19,96.68,2652600,4/24/2024
DVA,Davita Healthcare Partners Inc,132.74,-1.17,-0.87%,134.285,132.73,472800,4/24/2024
DVN,Devon Energy Corp,52.1,-0.47,-0.89%,52.41,51.76,6470100,4/24/2024
DXCM,Dexcom Inc,137.87,3.87,2.89%,138.5,132.47,3238200,4/24/2024
EA,Electronic Arts Inc,128.14,1,0.79%,128.26,126.36,1483400,4/24/2024
EBAY,Ebay Inc,51.18,-0.07,-0.14%,51.6,50.78,5088300,4/24/2024
ECL,Ecolab Inc,220.78,1.12,0.51%,221.11,218.81,710400,4/24/2024
ED,Consolidated Edison Company,93.43,0.59,0.64%,93.75,91.32,2001600,4/24/2024
EFX,Equifax Inc,225.71,1.25,0.56%,227.75,221.53,1239500,4/24/2024
EG,Everest Re Group,365.74,-2.93,-0.79%,367.275,362.18,335900,4/24/2024
EIX,Edison International,70.82,-0.03,-0.04%,71.15,69.83,3702500,4/24/2024
EL,Estee Lauder Companies,147.36,-1.62,-1.09%,148.4499,145.42,1840500,4/24/2024
ELV,Elevance Health Inc,533.73,0.81,0.15%,534.95,527.05,916000,4/24/2024
EMN,Eastman Chemical Company,96.36,-0.44,-0.45%,97.05,95.92,1071000,4/24/2024
EMR,Emerson Electric Company,109.62,-0.15,-0.14%,110.5,108.65,1876900,4/24/2024
ENPH,Enphase Energy Inc,107.17,-6.31,-5.56%,118.24,105.93,10885600,4/24/2024
EOG,Eog Resources,135.6,0.8,0.59%,135.69,133.255,1968200,4/24/2024
EPAM,Epam Systems Inc,245,-2.8,-1.13%,248.81,242.315,805400,4/24/2024
EQIX,Equinix Inc,756.84,-5.06,-0.66%,768.25,754.53,776000,4/24/2024
EQR,Equity Residential,64.61,1.52,2.41%,65.21,62.2406,3166200,4/24/2024
EQT,Eqt Corp,39.43,1.45,3.82%,39.8505,37.88,11735000,4/24/2024
ES,Eversource Energy,60.84,0.49,0.81%,61.05,59.44,2087200,4/24/2024
ESS,Essex Property Trust,247.74,5.59,2.31%,248.95,239.37,396500,4/24/2024
ETN,Eaton Corp,318.79,5.95,1.90%,325.41,313.95,3550400,4/24/2024
ETR,Entergy Corp,106.46,-0.72,-0.67%,107.08,103.49,2667800,4/24/2024
ETSY,Etsy Inc,66.87,-1.48,-2.17%,68.49,65.64,2640900,4/24/2024
EVRG,Evergy Inc,52.48,0.23,0.44%,52.71,51.49,2108200,4/24/2024
EW,Edwards Lifesciences Corp,88.61,0.86,0.98%,89.17,87.7,3234900,4/24/2024
EXC,Exelon Corp,37.77,0.21,0.56%,37.9,36.8,5061300,4/24/2024
EXPD,Expeditors Intl,112.87,-0.2,-0.18%,113.795,111.98,1377300,4/24/2024
EXPE,Expedia Group Inc,135.8,0.78,0.58%,139,134.46,1776300,4/24/2024
EXR,Extra Space Storage Inc,134.64,1.36,1.02%,136,131.02,1147400,4/24/2024
F,Ford Motor Company,12.95,0.01,0.08%,13.0499,12.78,74510400,4/24/2024
FANG,Diamondback Energy,205.24,0.87,0.43%,206.65,202.92,1289400,4/24/2024
FAST,Fastenal Company,67.74,0.23,0.34%,68.21,66.79,3087300,4/24/2024
FCX,Freeport-Mcmoran Inc,48.24,0.25,0.52%,48.46,47.375,11838300,4/24/2024
FDS,Factset Research Systems Inc,422.83,2.89,0.69%,423.96,417.03,298300,4/24/2024
FDX,Fedex Corp,266.07,-5.68,-2.09%,271.33,263.58,1696500,4/24/2024
FE,Firstenergy Corp,38.3,0.18,0.47%,38.38,37.69,2491200,4/24/2024
FFIV,F5 Inc,182.35,2.12,1.18%,182.46,179.4,497800,4/24/2024
FI,Fiserv Inc,152.25,-3.14,-2.02%,155.88,151.9,2487300,4/24/2024
FICO,Fair Isaac and Company,1193.03,4.8401,0.41%,1218.12,1178.0699,177900,4/24/2024
FIS,Fidelity National Information Services,70.81,-1.09,-1.52%,71.79,70.78,4249200,4/24/2024
FITB,Fifth Third Bancorp,37.23,0.17,0.46%,37.28,36.53,3634100,4/24/2024
FMC,FMC Corp,58.4,-0.25,-0.43%,58.69,57.69,1011400,4/24/2024
FOX,Fox Corp Cl B,29.31,0.13,0.45%,29.35,28.93,1141600,4/24/2024
FOXA,Fox Corp Cl A,31.71,0,0.00%,31.84,31.38,2394700,4/24/2024
FRT,Federal Realty Investment Trust,103.6,0.73,0.71%,103.78,101.51,763100,4/24/2024
FSLR,First Solar Inc,177.48,-2.62,-1.45%,183.78,174.93,2085700,4/24/2024
FTNT,Fortinet Inc,65.45,0.65,1.00%,65.8,64.59,3817100,4/24/2024
FTV,Fortive Corp,76.05,-4.65,-5.76%,78.565,72.52,6373800,4/24/2024
GD,General Dynamics Corp,281.11,-11.61,-3.97%,290.365,274.315,4023500,4/24/2024
GE,General Electric Company,159.19,-3.43,-2.11%,162.34,155.5601,10415900,4/24/2024
GEHC,Ge Healthcare Technologies Inc,86.72,0.48,0.56%,87.28,85.8,2020200,4/24/2024
GEN,Gen Digital Inc,20.83,0.15,0.73%,20.86,20.51,2371900,4/24/2024
GEV,Ge Vernova Inc,146.18,-1.65,-1.12%,149.9,144.35,4684600,4/24/2024
GILD,Gilead Sciences Inc,67.08,0.05,0.07%,67.18,66.36,8467000,4/24/2024
GIS,General Mills,71.61,0.79,1.12%,71.87,69.95,4446000,4/24/2024
GL,Globe Life Inc,78.6,2.84,3.75%,82.4785,75.85,6469800,4/24/2024
GLW,Corning Inc,31.52,-0.01,-0.03%,31.71,31.32,3203400,4/24/2024
GM,General Motors Company,45.08,-0.02,-0.04%,45.31,44.62,15013800,4/24/2024
GNRC,Generac Holdings Inc,137.18,1.08,0.79%,139.7,135.3052,770300,4/24/2024
GOOG,Alphabet Cl C,161.1,1.18,0.74%,161.39,158.82,19485600,4/24/2024
GOOGL,Alphabet Cl A,159.13,0.87,0.55%,159.57,157.16,22779100,4/24/2024
GPC,Genuine Parts Company,161.8,-1.58,-0.97%,163.73,161.22,1161600,4/24/2024
GPN,Global Payments Inc,127.47,0.6,0.47%,127.66,125.535,1581300,4/24/2024
GRMN,Garmin Ltd,142.79,0.28,0.20%,143.48,142.2,612500,4/24/2024
GS,Goldman Sachs Group,423.04,-0.96,-0.23%,424.58,419.61,1575900,4/24/2024
GWW,W.W. Grainger,958.32,2.53,0.26%,965.24,946.05,295900,4/24/2024
HAL,Halliburton Company,38.72,0.13,0.34%,39.25,38.01,7778100,4/24/2024
HAS,Hasbro Inc,65.03,6.89,11.85%,66.38,63.18,7253400,4/24/2024
HBAN,Huntington Bcshs,13.76,0.13,0.95%,13.78,13.46,12659500,4/24/2024
HCA,Hca Holdings Inc,319.02,-0.41,-0.13%,322,317.7,835500,4/24/2024
HD,Home Depot,333.01,-5.99,-1.77%,337.55,331.82,4029100,4/24/2024
HES,Hess Corp,159.13,2.19,1.40%,159.22,155.98,2363500,4/24/2024
HIG,Hartford Financial Services Group,99.86,-0.17,-0.17%,100.11,99.25,1881900,4/24/2024
HII,Huntington Ingalls Industries,275.84,1.37,0.50%,276.43,272.79,518200,4/24/2024
HLT,Hilton Inc,204.7,7.66,3.89%,210.34,204.23,3141500,4/24/2024
HOLX,Hologic Inc,76.71,-0.48,-0.62%,77.38,76.5,963100,4/24/2024
HON,Honeywell International Inc,194.79,-1.37,-0.70%,195.72,193.26,3578200,4/24/2024
HPE,Hewlett Packard Enterprise Comp,16.93,0.1,0.59%,17.045,16.785,10856000,4/24/2024
HPQ,HP Inc,28.1,0.43,1.55%,28.59,27.425,14491900,4/24/2024
HRL,Hormel Foods Corp,35.6,0.46,1.31%,35.68,34.61,2208900,4/24/2024
HSIC,Henry Schein Inc,73.21,0.45,0.62%,73.4,72.17,824000,4/24/2024
HST,Host Marriott Financial Trust,19.33,0.04,0.21%,19.52,19.19,4810400,4/24/2024
HSY,Hershey Foods Corp,188.14,1.06,0.57%,188.89,184.915,1629900,4/24/2024
HUBB,Hubbell Inc B,398.55,0.55,0.14%,408,395.26,342000,4/24/2024
HUM,Humana Inc,315.98,-12,-3.66%,336.4,309,3488900,4/24/2024
HWM,Howmet Aerospace Inc,64.7,-0.06,-0.09%,65.49,64.07,2836800,4/24/2024
IBM,International Business Machines,184.1,1.91,1.05%,184.29,181.4,7616600,4/24/2024
ICE,Intercontinental Exchange,132.57,0.24,0.18%,132.645,131.04,2498800,4/24/2024
IDXX,Idexx Laboratories,494.26,0.46,0.09%,497.4,487.88,493100,4/24/2024
IEX,Idex Corp,224.64,-7.63,-3.28%,232.25,221.9,589400,4/24/2024
IFF,International Flavors & Fragrances,85.14,-0.29,-0.34%,85.52,84.188,1066100,4/24/2024
ILMN,Illumina Inc,122.87,-1.59,-1.28%,124.74,120.82,1254600,4/24/2024
INCY,Incyte Corp,51.74,0.09,0.17%,51.83,51.14,1564400,4/24/2024
INTC,Intel Corp,34.5,0.22,0.64%,35.18,34.34,53261000,4/24/2024
INTU,Intuit Inc,635.49,4.61,0.73%,642.1,622.56,1378100,4/24/2024
INVH,Invitation Homes Inc,34.31,0.18,0.53%,34.455,33.68,1985900,4/24/2024
IP,International Paper Company,34.43,0.02,0.06%,34.56,33.92,8249600,4/24/2024
IPG,Interpublic Group of Companies,31.4,0.41,1.32%,31.67,30.5,5283700,4/24/2024
IQV,Iqvia Holdings Inc,240.84,2.22,0.93%,244.27,237.7,1505700,4/24/2024
IR,Ingersoll Rand Inc,92.5,1.93,2.13%,93.22,90.89,4269100,4/24/2024
IRM,Iron Mountain Inc,78.19,1.59,2.08%,78.46,76.1224,1095400,4/24/2024
ISRG,Intuitive Surg Inc,375.01,-2.07,-0.55%,383.62,372.83,1325600,4/24/2024
IT,Gartner Inc,451.06,0.8,0.18%,453.59,447.9,283500,4/24/2024
ITW,Illinois Tool Works Inc,251.76,1.12,0.45%,251.94,249.22,1252500,4/24/2024
IVZ,Invesco Plc,14.52,-0.06,-0.41%,14.56,14.22,8464500,4/24/2024
J,Jacobs Engineering Group Inc,143.98,-0.65,-0.45%,144.97,143.16,350100,4/24/2024
JBHT,J B Hunt Transport,164.63,-2.92,-1.74%,166.44,162.32,1139700,4/24/2024
JBL,Jabil Circuit,120.24,-0.65,-0.54%,123.85,119.8,1361100,4/24/2024
JCI,Johnson Controls Intl,64.61,-0.56,-0.86%,65.56,63.99,7309700,4/24/2024
JKHY,Jack Henry & Assoc,165.2,-1.28,-0.77%,166.52,164.34,350800,4/24/2024
JNJ,Johnson & Johnson,148.53,-1.03,-0.69%,148.99,146.86,9756200,4/24/2024
JNPR,Juniper Networks,35.36,-0.52,-1.45%,36.04,35.21,5625400,4/24/2024
JPM,JP Morgan Chase & Company,193.08,0.94,0.49%,193.23,190.17,6964900,4/24/2024
K,Kellanova,58.75,0.61,1.05%,58.79,57.32,2328500,4/24/2024
KDP,Keurig Dr Pepper Inc,32.34,0.58,1.83%,32.45,31.19,11479399,4/24/2024
KEY,Keycorp,14.93,0.21,1.43%,14.95,14.515,15084000,4/24/2024
KEYS,Keysight Technologies Inc,146.6,-0.2,-0.14%,147.66,145.4,1433700,4/24/2024
KHC,Kraft Heinz Company,38.57,0.5,1.31%,38.63,37.38,7250100,4/24/2024
KIM,Kimco Realty Corp,18.53,-0.1,-0.54%,18.65,18.395,3563100,4/24/2024
KLAC,K L A-Tencor Corp,656.54,8.33,1.29%,668.18,647.6,873400,4/24/2024
KMB,Kimberly-Clark Corp,137.78,1.74,1.28%,138.22,134.46,3551400,4/24/2024
KMI,Kinder Morgan,18.81,0.05,0.27%,18.84,18.52,12485600,4/24/2024
KMX,Carmax Inc,70.27,0.58,0.83%,70.78,69.04,2882500,4/24/2024
KO,Coca-Cola Company,61.55,0.91,1.50%,61.65,59.84,19548300,4/24/2024
KR,Kroger Company,56.15,0.52,0.93%,56.23,55.35,3619600,4/24/2024
KVUE,Kenvue Inc,19.13,-0.24,-1.24%,19.35,19.105,22713800,4/24/2024
L,Loews Corp,76.81,0.09,0.12%,76.84,75.92,515700,4/24/2024
LDOS,Leidos Holdings Inc,128.9,0.22,0.17%,130.355,128.035,828600,4/24/2024
LEN,Lennar Corp,154.12,-1.58,-1.01%,158.24,152.79,1483100,4/24/2024
LH,Laboratory Corp of America Holdings,207.94,-0.03,-0.01%,208.14,205.54,793500,4/24/2024
LHX,L3Harris Technologies Inc,207.71,0.03,0.01%,208.31,204.98,1002200,4/24/2024
LIN,Linde Plc,444.32,-0.74,-0.17%,444.61,433.38,1969100,4/24/2024
LKQ,LKQ Corp,43.28,1.63,3.91%,43.32,41.3,5642800,4/24/2024
LLY,Eli Lilly and Company,732.2,-13.49,-1.81%,752.64,728.785,2133400,4/24/2024
LMT,Lockheed Martin Corp,459.14,-0.94,-0.20%,463.69,456.06,1018800,4/24/2024
LNT,Alliant Energy Corp,50.37,0.4,0.80%,50.51,49.19,1336200,4/24/2024
LOW,Lowe's Companies,230.29,-3.27,-1.40%,232.37,228.83,1485000,4/24/2024
LRCX,Lam Research Corp,884.89,-2.53,-0.29%,915.86,882.27,1949000,4/24/2024
LULU,Lululemon Athletica,364.59,-0.09,-0.02%,368.36,361.22,1260300,4/24/2024
LUV,Southwest Airlines Company,29.3,-0.16,-0.54%,29.59,28.95,9632800,4/24/2024
LVS,Las Vegas Sands,45.84,-0.17,-0.37%,46.16,45.05,7358000,4/24/2024
LW,Lamb Weston Holdings Inc,84.52,0.8,0.96%,84.75,82.99,3187600,4/24/2024
LYB,Lyondellbasell Industries NV,100.78,0.23,0.23%,100.81,99.75,1127500,4/24/2024
LYV,Live Nation Entertainment,89.65,-0.44,-0.49%,90.605,89.33,1396700,4/24/2024
MA,Mastercard Inc,462.5,-0.32,-0.07%,468.15,460.35,4043100,4/24/2024
MAA,Mid-America Apartment Communities,128.4,0.91,0.71%,128.845,125.985,495000,4/24/2024
MAR,Marriot Int Cl A,244.06,4.37,1.82%,249.62,243.31,2301300,4/24/2024
MAS,Masco Corp,69.74,-3.27,-4.48%,71.5,68.56,4613800,4/24/2024
MCD,McDonald's Corp,276.75,-0.13,-0.05%,277.03,272.89,4071500,4/24/2024
MCHP,Microchip Technology,90.68,4.49,5.21%,91.69,89.4,7141000,4/24/2024
MCK,Mckesson Corp,535.42,3.42,0.64%,537.145,529.28,583400,4/24/2024
MCO,Moody's Corp,381.21,-0.96,-0.25%,382.5,377.6,582500,4/24/2024
MDLZ,Mondelez Intl Inc,71.31,0.56,0.79%,71.54,69.86,16596900,4/24/2024
MDT,Medtronic Inc,80.38,-0.91,-1.12%,80.83,80.01,5028800,4/24/2024
MET,Metlife Inc,72.72,0.5,0.69%,72.76,71.66,2073700,4/24/2024
META,Meta Platforms Inc,493.5,-2.6,-0.52%,510,484.58,37772602,4/24/2024
MGM,MGM Resorts International,42.71,-0.14,-0.33%,43.28,42.13,2617100,4/24/2024
MHK,Mohawk Industries,111.4,-2.04,-1.80%,113.39,110.04,534700,4/24/2024
MKC,Mccormick & Company,75.85,0.83,1.11%,76,73.68,1824400,4/24/2024
MKTX,Marketaxess Holdings,204.22,-0.55,-0.27%,205.23,201.32,252900,4/24/2024
MLM,Martin Marietta Materials,591.82,-2.57,-0.43%,598.65,585.14,331800,4/24/2024
MMC,Marsh & Mclennan Companies,200.95,-0.76,-0.38%,201.51,199.365,1614100,4/24/2024
MMM,3M Company,92.02,-0.98,-1.05%,93.23,91.4185,3813300,4/24/2024
MNST,Monster Beverage Cp,54.33,0.6,1.12%,54.87,53,6944700,4/24/2024
MO,Altria Group,42.92,0.05,0.12%,43.055,42.4,12938200,4/24/2024
MOH,Molina Healthcare Inc,367.41,4.19,1.15%,368.35,361.74,461100,4/24/2024
MOS,Mosaic Company,30.49,0.08,0.26%,30.54,30.11,3509200,4/24/2024
MPC,Marathon Petroleum Corp,199.14,-0.51,-0.26%,199.46,195.03,1473200,4/24/2024
MPWR,Monolithic Power Sys,642.21,30.84,5.04%,655.23,628.26,768900,4/24/2024
MRK,Merck & Company,127,0.12,0.09%,127.59,125.35,7128300,4/24/2024
MRNA,Moderna Inc,108.85,0.96,0.89%,111.29,106.64,3410200,4/24/2024
MRO,Marathon Oil Corp,27.53,-0.29,-1.04%,27.7399,27.395,5977500,4/24/2024
MS,Morgan Stanley,93.85,0.09,0.10%,94.07,93.03,5100800,4/24/2024
MSCI,MSCI Inc,464.65,18.65,4.18%,471.03,449,2230300,4/24/2024
MSFT,Microsoft Corp,409.06,1.49,0.37%,412.47,406.78,15065301,4/24/2024
MSI,Motorola Solutions,345.11,-0.44,-0.13%,346.8999,343.86,616800,4/24/2024
MTB,M&T Bank Corp,147.96,1.1,0.75%,148.07,145.03,757300,4/24/2024
MTCH,Match Group Inc,31.94,0.25,0.79%,32.02,31.41,2608900,4/24/2024
MTD,Mettler-Toledo International,1235.37,-5.9499,-0.48%,1258.45,1227.92,157000,4/24/2024
MU,Micron Technology,111.78,-0.68,-0.60%,113.95,109.23,20505900,4/24/2024
NCLH,Norwegian Cruise Ord,19.39,-0.15,-0.77%,19.71,19.235,12820900,4/24/2024
NDAQ,Nasdaq Inc,61.5,0.41,0.67%,61.57,60.61,2893600,4/24/2024
NDSN,Nordson Corp,260.06,-2.02,-0.77%,262.66,258.16,162500,4/24/2024
NEE,Nextera Energy,66.56,0.36,0.54%,67.1,65.22,12149600,4/24/2024
NEM,Newmont Mining Corp,38.6,0.89,2.36%,38.745,37.26,11977200,4/24/2024
NFLX,Netflix Inc,555.12,-22.63,-3.92%,576.91,551.3,5355300,4/24/2024
NI,NiSource Inc,28.18,0.25,0.90%,28.22,27.54,5601100,4/24/2024
NKE,Nike Inc,94.64,0.62,0.66%,95.1909,94.1,6493200,4/24/2024
NOC,Northrop Grumman Corp,474.57,-0.11,-0.02%,477.12,470.78,1124200,4/24/2024
NOW,Servicenow Inc,746.29,5.34,0.72%,757.25,739.13,1705600,4/24/2024
NRG,NRG Energy,72.61,1.12,1.57%,73.38,71.355,3193300,4/24/2024
NSC,Norfolk Southern Corp,236.22,-8.81,-3.60%,241.775,232.15,2577900,4/24/2024
NTAP,Netapp Inc,100.06,0.64,0.64%,101.33,99.29,1292600,4/24/2024
NTRS,Northern Trust Corp,84.3,0.12,0.14%,84.59,83.65,1332900,4/24/2024
NUE,Nucor Corp,172.76,-1.88,-1.08%,178.32,171.958,2587000,4/24/2024
NVDA,Nvidia Corp,796.77,-27.46,-3.33%,840.82,791.83,51220699,4/24/2024
NVR,NVR Inc,7798.2798,-36.8301,-0.47%,7937.5049,7747.46,12600,4/24/2024
NWS,News Corp Cl B,25.33,-0.1,-0.39%,25.53,25.25,629000,4/24/2024
NWSA,News Corp Cl A,24.56,-0.05,-0.20%,24.72,24.48,1804700,4/24/2024
NXPI,Nxp Semiconductors,235.04,9.43,4.18%,237.69,232.32,3810600,4/24/2024
O,Realty Income Corp,53.67,0.28,0.52%,53.745,52.86,5340300,4/24/2024
ODFL,Old Dominion Freight Line Inc,195.06,-24.22,-11.05%,216.94,188.99,4479500,4/24/2024
OKE,Oneok Inc,80.95,0.6,0.75%,81.12,79.56,1864700,4/24/2024
OMC,Omnicom Group Inc,95.98,1.76,1.87%,96.09,93.41,2167700,4/24/2024
ON,On Semiconductor,65.53,3.85,6.24%,67.45,64.33,12812199,4/24/2024
ORCL,Oracle Corp,115.34,0.25,0.22%,115.73,113.88,5791700,4/24/2024
ORLY,O'Reilly Automotive,1092.7,0.35,0.03%,1099.02,1078.98,461700,4/24/2024
OTIS,Otis Worldwide Corp,93.37,-4.1,-4.21%,96.91,93.02,4222800,4/24/2024
OXY,Occidental Petroleum Corp,67.33,-0.06,-0.09%,67.52,66.75,5285700,4/24/2024
PANW,Palo Alto Networks Inc,293.82,0.33,0.11%,295,290.92,2850300,4/24/2024
PARA,Paramount Global Cl B,12.68,-0.06,-0.47%,12.81,12.4,9629300,4/24/2024
PAYC,Paycom Software Inc,187.91,-0.18,-0.10%,188.57,184.2,549300,4/24/2024
PAYX,Paychex Inc,122.52,0.9,0.74%,122.68,120.42,1806700,4/24/2024
PCAR,Paccar Inc,113.74,0.42,0.37%,114.83,112.98,2865300,4/24/2024
PCG,Pacific Gas & Electric Company,17,0.04,0.24%,17.1,16.7,9906300,4/24/2024
PEG,Public Service Enterprise Group Inc,67.23,0.74,1.11%,67.34,65.36,3465700,4/24/2024
PEP,Pepsico Inc,177.41,6.19,3.62%,178.09,167.65,10016601,4/24/2024
PFE,Pfizer Inc,26.27,-0.05,-0.19%,26.34,26.04,24547700,4/24/2024
PFG,Principal Financial Group Inc,82.16,0.65,0.80%,82.31,80.53,1199800,4/24/2024
PG,Procter & Gamble Company,162.6,1.1,0.68%,162.86,159.42,7217500,4/24/2024
PGR,Progressive Corp,212.2,-1.82,-0.85%,215.095,209.79,2633100,4/24/2024
PH,Parker-Hannifin Corp,546.35,-4.05,-0.74%,556.87,539.22,664500,4/24/2024
PHM,Pultegroup,112.26,-0.5,-0.44%,114.62,111.19,2045200,4/24/2024
PKG,Packaging Corp of America,173.92,3.04,1.78%,174.91,171.02,871000,4/24/2024
PLD,Prologis Inc,103.18,-1.65,-1.57%,104.59,102.4,4819600,4/24/2024
PM,Philip Morris International Inc,99.02,1.36,1.39%,99.1,95.64,13572400,4/24/2024
PNC,PNC Bank,158.06,0.45,0.29%,158.33,155.8,1320900,4/24/2024
PNR,Pentair Ltd,78.99,0.52,0.66%,79.46,77.54,2262500,4/24/2024
PNW,Pinnacle West Capital Corp,74.54,0.04,0.05%,74.96,73.06,931800,4/24/2024
PODD,Insulet Corp,167.25,-0.02,-0.01%,169.34,165.85,664200,4/24/2024
POOL,Pool Corp,377.39,2.4,0.64%,378.72,371.83,550300,4/24/2024
PPG,PPG Industries,130.52,0.09,0.07%,130.94,129.91,1896300,4/24/2024
PPL,PPL Corp,27.37,0.13,0.48%,27.41,26.79,4327500,4/24/2024
PRU,Prudential Financial Inc,112.76,0.71,0.63%,112.92,111.39,1174000,4/24/2024
PSA,Public Storage,262.17,-0.05,-0.02%,263.2599,257.05,699000,4/24/2024
PSX,Phillips 66,157.79,-1.05,-0.66%,158.375,156.29,1944900,4/24/2024
PTC,Ptc Inc,180.5,0.06,0.03%,181.93,178.84,416100,4/24/2024
PWR,Quanta Services,253.18,1.23,0.49%,259.41,251.625,1027700,4/24/2024
PXD,Pioneer Natural Resources Company,275.52,0.29,0.11%,276.07,271.755,1560500,4/24/2024
PYPL,Paypal Holdings,64.84,0.41,0.64%,65.09,64.02,8189100,4/24/2024
QCOM,Qualcomm Inc,163.63,2.28,1.41%,165.93,162,6130500,4/24/2024
QRVO,Qorvo Inc,112.15,4.17,3.86%,113.53,110.64,1551800,4/24/2024
RCL,Royal Caribbean Cruises Ltd,136.73,0.06,0.04%,138.13,136.25,3002600,4/24/2024
REG,Regency Centers Corp,59.61,-0.47,-0.78%,60.13,59.57,1137600,4/24/2024
REGN,Regeneron Pharmaceuticals,906.54,-0.78,-0.09%,915.7,904.41,373700,4/24/2024
RF,Regions Financial Corp,19.77,0.42,2.17%,19.83,19.13,11041500,4/24/2024
RHI,Robert Half Inc,71.5,-0.03,-0.04%,72.72,71.18,1627800,4/24/2024
RJF,Raymond James Financial,127.54,0.4,0.31%,128.24,126.8925,1324200,4/24/2024
RL,Ralph Lauren Corp,168.21,0.13,0.08%,170.92,167.24,1069500,4/24/2024
RMD,Resmed Inc,183.78,-0.44,-0.24%,186.88,183.02,973400,4/24/2024
ROK,Rockwell Automation Inc,275.56,-0.77,-0.28%,279.38,274.7,600400,4/24/2024
ROL,Rollins Inc,42.87,0.22,0.52%,42.95,42.34,4283500,4/24/2024
ROP,Roper Industries,538.01,-1.61,-0.30%,538.71,533.85,631500,4/24/2024
ROST,Ross Stores Inc,132.61,-0.48,-0.36%,133.39,131.92,2366700,4/24/2024
RSG,Republic Services,191.99,1.38,0.72%,192.59,190.15,1135800,4/24/2024
RTX,Rtx Corp,101.02,-0.36,-0.36%,101.89,100.01,7722000,4/24/2024
RVTY,Revvity Inc,102.68,-0.82,-0.79%,104.05,101.64,632000,4/24/2024
SBAC,SBA Communications,199,0.7,0.35%,199.97,195.19,808700,4/24/2024
SBUX,Starbucks Corp,88.75,0.88,1.00%,88.94,86.95,7183800,4/24/2024
SCHW,The Charles Schwab Corp,75.19,-0.04,-0.05%,75.55,74.36,6038800,4/24/2024
SHW,Sherwin-Williams Company,303.73,1.37,0.45%,304.19,300.355,2287800,4/24/2024
SJM,J.M. Smucker Company,118.55,0.85,0.72%,119.0425,115.91,1335900,4/24/2024
SLB,Schlumberger N.V.,49.11,-0.44,-0.89%,49.71,48.615,10180300,4/24/2024
SMCI,Super Micro Computer,754.72,-7.14,-0.94%,806.99,737.05,6740300,4/24/2024
SNA,Snap-On Inc,273.59,2.25,0.83%,275.14,271.36,298900,4/24/2024
SNPS,Synopsys Inc,527.52,0.02,0.00%,540.73,527.28,1430900,4/24/2024
SO,Southern Company,73.91,0.66,0.90%,74.22,72.11,5661700,4/24/2024
SOLV,Solventum Corporation,63.54,0.04,0.06%,64.175,62.78,1055100,4/24/2024
SPG,Simon Property Group,142.81,-0.97,-0.67%,143.73,141.62,1110100,4/24/2024
SPGI,S&P Global Inc,413.28,0.02,0.00%,414.58,408.95,3357500,4/24/2024
SRE,Sempra,72.04,0.52,0.73%,72.25,70.52,2367000,4/24/2024
STE,Steris Corp,202.8,-3.19,-1.55%,205.0975,202.44,492000,4/24/2024
STLD,Steel Dynamics Inc,129.92,-4.24,-3.16%,144.91,128.75,2557000,4/24/2024
STT,State Street Corp,74.29,-0.1,-0.13%,74.75,73.6,8642000,4/24/2024
STX,Seagate Technology Hldgs Plc,87.11,0.58,0.67%,91,83.34,7274500,4/24/2024
STZ,Constellation Brands Inc,261.55,-0.11,-0.04%,261.985,257.64,1075300,4/24/2024
SWK,Stanley Black & Decker Inc,90.27,-0.47,-0.52%,91.11,89.81,1282500,4/24/2024
SWKS,Skyworks Solutions,101.12,1.82,1.83%,102.64,100.35,1904500,4/24/2024
SYF,Synchrony Financial,45.02,2.16,5.04%,45.16,42.7,9881300,4/24/2024
SYK,Stryker Corp,336.85,1.94,0.58%,342.595,334.2,1515600,4/24/2024
SYY,Sysco Corp,77.29,0.33,0.43%,77.53,76.6,1765200,4/24/2024
T,AT&T Inc,16.81,0.31,1.88%,17.03,16.38,74197800,4/24/2024
TAP,Molson Coors Brewing Company,63.7,-0.48,-0.75%,64.18,61.7,2444400,4/24/2024
TDG,Transdigm Group Inc,1241.62,-0.78,-0.06%,1255.59,1213.785,222400,4/24/2024
TDY,Teledyne Technologies Inc,362.5,-44.56,-10.95%,382.99,355.41,1097300,4/24/2024
TECH,Bio-Techne Cp,63.52,-0.17,-0.27%,63.94,62.61,984800,4/24/2024
TEL,Te Connectivity Ltd,140,-3.23,-2.26%,142.6,138.37,5767300,4/24/2024
TER,Teradyne Inc,100.7,0.85,0.85%,102.67,99.47,2437300,4/24/2024
TFC,Truist Financial Corp,38.79,-0.05,-0.13%,39.21,38.41,7109000,4/24/2024
TFX,Teleflex Inc,211.17,0.06,0.03%,212.495,209.74,201400,4/24/2024
TGT,Target Corp,165.34,-1.17,-0.70%,166.54,164.79,2631300,4/24/2024
TJX,TJX Companies,95.28,0.78,0.83%,95.49,93.83,6897200,4/24/2024
TMO,Thermo Fisher Scientific Inc,577.39,2.8,0.49%,586.4623,565.23,2035000,4/24/2024
TMUS,T-Mobile US,164.18,0.93,0.57%,164.55,162.16,4713600,4/24/2024
TPR,Tapestry Inc,40.03,0.59,1.50%,40.07,39.03,4829200,4/24/2024
TRGP,Targa Resources,116.9,0.89,0.77%,116.99,115,1367100,4/24/2024
TRMB,Trimble Navigation,59.51,-0.18,-0.30%,59.89,58.97,1061000,4/24/2024
TROW,T Rowe Price Group,111.06,-0.88,-0.79%,111.68,110.24,1053900,4/24/2024
TRV,The Travelers Companies Inc,213.43,-0.89,-0.42%,214.585,212.5,1129200,4/24/2024
TSCO,Tractor Supply Company,258.13,2.17,0.85%,258.33,250.9,1321600,4/24/2024
TSLA,Tesla Inc,162.13,17.45,12.06%,167.97,157.51,181178000,4/24/2024
TSN,Tyson Foods,61.32,0.34,0.56%,61.6,60,1797100,4/24/2024
TT,Trane Technologies Plc,296.49,1.4,0.47%,303.4,293.39,908000,4/24/2024
TTWO,Take-Two Interactive,142.83,1.11,0.78%,142.93,140.82,1024800,4/24/2024
TXN,Texas Instruments,174.81,9.34,5.64%,179.49,173.61,13965800,4/24/2024
TXT,Textron Inc,94.01,-1.27,-1.33%,95.855,93.63,1521900,4/24/2024
TYL,Tyler Technologies,419,0.56,0.13%,421.545,415.24,308300,4/24/2024
UAL,United Airlines Holdings Inc,52.67,-1.36,-2.52%,53.95,52.11,10034200,4/24/2024
UBER,Uber Technologies Inc,69.36,-1.44,-2.03%,70.22,67.365,27515500,4/24/2024
UDR,United Dominion Realty Trust,37.89,0.62,1.66%,38.185,36.87,2891900,4/24/2024
UHS,Universal Health Services,165.9,0.99,0.60%,166.685,163.48,1213500,4/24/2024
ULTA,Ulta Beauty Inc,410.55,-8.72,-2.08%,417.87,407.16,866400,4/24/2024
UNH,Unitedhealth Group Inc,487.3,1.12,0.23%,488.86,480.71,3724400,4/24/2024
UNP,Union Pacific Corp,231.98,-4.31,-1.82%,234.13,229.32,2951100,4/24/2024
UPS,United Parcel Service,146.62,-2.25,-1.51%,147.96,143.78,5284700,4/24/2024
URI,United Rentals,655.19,-6.13,-0.93%,672.39,648.755,641100,4/24/2024
USB,U.S. Bancorp,41.61,0.64,1.56%,41.725,40.43,6550200,4/24/2024
V,Visa Inc,275.02,0.91,0.33%,283,274.49,8807100,4/24/2024
VICI,Vici Properties Inc,28.43,-0.15,-0.52%,28.73,28.15,5648700,4/24/2024
VLO,Valero Energy Corp,167,-0.54,-0.32%,167.59,165.06,2350700,4/24/2024
VLTO,Veralto Corporation,92.4,-1.32,-1.41%,95.4,88.74,3370000,4/24/2024
VMC,Vulcan Materials Company,256.4,-2.94,-1.13%,259.96,253.76,568000,4/24/2024
VRSK,Verisk Analytics Inc,222.25,0,0.00%,222.58,219.65,1008900,4/24/2024
VRSN,Verisign Inc,185.55,0.43,0.23%,185.82,181.01,686500,4/24/2024
VRTX,Vertex Pharmaceutic,400.76,-4.15,-1.02%,406.83,399.29,806400,4/24/2024
VTR,Ventas Inc,43.61,0.05,0.11%,43.78,42.88,1490800,4/24/2024
VTRS,Viatris Inc,11.55,0.19,1.67%,11.58,11.25,7593900,4/24/2024
VZ,Verizon Communications Inc,39.49,-0.21,-0.53%,39.66,38.935,15946600,4/24/2024
WAB,Wabtec Corp,163.38,14.9,10.04%,167.485,160.87,3772600,4/24/2024
WAT,Waters Corp,310.25,-3.05,-0.97%,316.06,304.97,530900,4/24/2024
WBA,Walgreens Boots Alliance,17.81,-0.24,-1.33%,17.98,17.62,10269700,4/24/2024
WBD,Discovery Inc Series A,8.38,-0.06,-0.71%,8.4,8.26,20324100,4/24/2024
WDC,Western Digital Cp,69.55,-0.37,-0.53%,72.13,68.16,7400400,4/24/2024
WEC,Wisconsin Energy Corp,82.63,0.67,0.82%,82.87,80.85,2034400,4/24/2024
WELL,Welltower Inc,93.7,0.77,0.83%,94,91.91,2692200,4/24/2024
WFC,Wells Fargo & Company,60.6,-0.34,-0.56%,60.95,60.05,19731500,4/24/2024
WM,Waste Management,210.43,1.65,0.79%,210.71,207.59,1875875,4/24/2024
WMB,Williams Companies,39.25,0.47,1.21%,39.3,38.33,5667707,4/24/2024
WMT,Walmart Inc,59.87,0.78,1.32%,60.04,58.81,18529138,4/24/2024
WRB,W.R. Berkley Corp,77.85,-1.23,-1.56%,78.65,76.86,2863973,4/24/2024
WRK,Westrock Company,47.48,0.38,0.81%,47.53,46.99,1846549,4/24/2024
WST,West Pharmaceutical Services,385.73,-4.47,-1.15%,394.42,385.45,757268,4/24/2024
WTW,Willis Towers Watson Public Ltd,264.48,0.8,0.30%,265.19,261.82,480500,4/24/2024
WY,Weyerhaeuser Company,31.54,-0.17,-0.54%,31.805,31.295,3019175,4/24/2024
WYNN,Wynn Resorts Ltd,97.06,-1.76,-1.78%,98.81,96.19,1256600,4/24/2024
XEL,XCEL Energy Inc,55.33,0.06,0.11%,55.64,54.15,4614400,4/24/2024
XOM,Exxon Mobil Corp,121.05,0.02,0.02%,121.255,119.39,12101161,4/24/2024
XYL,Xylem Inc,130.67,-0.05,-0.04%,132.23,129.58,1053013,4/24/2024
YUM,Yum! Brands,141.81,1.71,1.22%,141.82,139.265,1909457,4/24/2024
ZBH,Zimmer Biomet Holdings,121.17,-0.35,-0.29%,122.415,121.01,978733,4/24/2024
ZBRA,Zebra Technologies,277.53,0.97,0.35%,280.92,274.24,322600,4/24/2024
ZTS,Zoetis Inc Cl A,150.88,1.32,0.88%,151.74,148.75,3640463,4/24/2024
